{"cameraMode":{"drawMode":0,"name":"Shaded","section":"Shading Mode"},"sceneLighting":true,"audioPlay":false,"sceneViewState":{"showFog":false,"showMaterialUpdate":false,"showSkybox":false,"showFlares":false,"showImageEffects":false,"showParticleSystems":true},"in2DMode":false,"pivot":{"x":-6.691255569458008,"y":-9.148820877075196,"z":15.987310409545899},"rotation":{"x":0.1500253975391388,"y":-0.42474082112312319,"z":0.08365382254123688,"w":0.8888745903968811},"size":47.79581832885742,"orthographic":false}