{"cameraMode":{"drawMode":0,"name":"Shaded","section":"Shading Mode"},"sceneLighting":true,"audioPlay":false,"sceneViewState":{"showFog":false,"showMaterialUpdate":false,"showSkybox":false,"showFlares":false,"showImageEffects":false,"showParticleSystems":true},"in2DMode":false,"pivot":{"x":11.683749198913575,"y":1.9781970977783204,"z":-0.34586334228515627},"rotation":{"x":0.056225892156362537,"y":0.9408513307571411,"z":-0.2713708281517029,"w":0.1949363499879837},"size":47.6123046875,"orthographic":false}