{"cameraMode":{"drawMode":0,"name":"Shaded","section":"Shading Mode"},"sceneLighting":true,"audioPlay":false,"sceneViewState":{"showFog":false,"showMaterialUpdate":false,"showSkybox":false,"showFlares":false,"showImageEffects":false,"showParticleSystems":true},"in2DMode":false,"pivot":{"x":-7.7681427001953129,"y":-8.735554695129395,"z":-7.270258903503418},"rotation":{"x":-0.09653423726558685,"y":0.9001164436340332,"z":-0.2566990554332733,"w":-0.3384976387023926},"size":34.908241271972659,"orthographic":false}