{"cameraMode":{"drawMode":0,"name":"Shaded","section":"Shading Mode"},"sceneLighting":true,"audioPlay":false,"sceneViewState":{"showFog":false,"showMaterialUpdate":false,"showSkybox":false,"showFlares":false,"showImageEffects":false,"showParticleSystems":true},"in2DMode":false,"pivot":{"x":-0.410631000995636,"y":-2.2610695362091066,"z":6.456811904907227},"rotation":{"x":-0.14085744321346284,"y":0.8591111898422241,"z":-0.35194718837738039,"w":-0.34383708238601687},"size":30.571331024169923,"orthographic":false}